station_id,water_body_code,water_body_name,protected,temporality,regime,m01,m02,m03,m04,m05,m06,m07,m08,m09,m10,m11,m12,valid_from,valid_to,legal_ref,source_url
cantabrico-1105,ES018MAR002491,Río Urumea II,0,,ordinary,2.161,2.161,2.161,2.161,1.468,1.468,1.01,1.01,1.01,1.01,1.468,1.468,2023-02-11,,"RD 35/2023, anexo I (Cantábrico Oriental), apéndice 4.1",https://www.boe.es/buscar/act.php?id=BOE-A-2023-3511#a4-12
cantabrico-1106,ES010MAR002420,Río Bidasoa III,0,,ordinary,5.075,5.075,5.075,5.075,3.461,3.461,2.325,2.325,2.325,2.325,3.461,3.461,2023-02-11,,"RD 35/2023, anexo I (Cantábrico Oriental), apéndice 4.1",https://www.boe.es/buscar/act.php?id=BOE-A-2023-3511#a4-12
cantabrico-1163,ES068MAR002842,Río Ibaizabal III,0,,ordinary,1.65,1.65,1.65,1.65,1.201,1.201,0.825,0.825,0.825,0.825,1.201,1.201,2023-02-11,,"RD 35/2023, anexo I (Cantábrico Oriental), apéndice 4.1",https://www.boe.es/buscar/act.php?id=BOE-A-2023-3511#a4-12
cantabrico-1163,ES068MAR002842,Río Ibaizabal III,0,,drought,0.831,0.831,0.831,0.831,0.605,0.605,0.416,0.416,0.416,0.416,0.605,0.605,2023-02-11,,"RD 35/2023, anexo I (Cantábrico Oriental), apéndice 4.1",https://www.boe.es/buscar/act.php?id=BOE-A-2023-3511#a4-12
cantabrico-1164,ES067MAR002790,Río Arratia,0,,ordinary,0.711,0.711,0.711,0.711,0.543,0.543,0.369,0.369,0.369,0.369,0.543,0.543,2023-02-11,,"RD 35/2023, anexo I (Cantábrico Oriental), apéndice 4.1",https://www.boe.es/buscar/act.php?id=BOE-A-2023-3511#a4-12
cantabrico-1164,ES067MAR002790,Río Arratia,0,,drought,0.358,0.358,0.358,0.358,0.274,0.274,0.186,0.186,0.186,0.186,0.274,0.274,2023-02-11,,"RD 35/2023, anexo I (Cantábrico Oriental), apéndice 4.1",https://www.boe.es/buscar/act.php?id=BOE-A-2023-3511#a4-12
cantabrico-1166,ES068MAR002850,Río Ibaizabal IV,0,,ordinary,4.131,4.131,4.131,4.131,2.806,2.806,1.741,1.741,1.741,1.741,2.806,2.806,2023-02-11,,"RD 35/2023, anexo I (Cantábrico Oriental), apéndice 4.1",https://www.boe.es/buscar/act.php?id=BOE-A-2023-3511#a4-12
cantabrico-1166,ES068MAR002850,Río Ibaizabal IV,0,,drought,2.066,2.066,2.066,2.066,1.403,1.403,0.871,0.871,0.871,0.871,1.403,1.403,2023-02-11,,"RD 35/2023, anexo I (Cantábrico Oriental), apéndice 4.1",https://www.boe.es/buscar/act.php?id=BOE-A-2023-3511#a4-12
cantabrico-1178,ES073MAR002920,Río Cadagua IV,0,,ordinary,2.591,2.591,2.591,2.591,1.959,1.959,1.313,1.313,1.313,1.313,1.959,1.959,2023-02-11,,"RD 35/2023, anexo I (Cantábrico Oriental), apéndice 4.1",https://www.boe.es/buscar/act.php?id=BOE-A-2023-3511#a4-12
cantabrico-1178,ES073MAR002920,Río Cadagua IV,0,,drought,1.305,1.305,1.305,1.305,0.986,0.986,0.661,0.661,0.661,0.661,0.986,0.986,2023-02-11,,"RD 35/2023, anexo I (Cantábrico Oriental), apéndice 4.1",https://www.boe.es/buscar/act.php?id=BOE-A-2023-3511#a4-12
cantabrico-1196,ES018MSPFES084MAR000060,Río Asón III,0,,ordinary,2.58,2.58,2.58,2.58,1.78,1.78,1.15,1.15,1.15,1.15,1.78,1.78,2023-02-11,,"RD 35/2023, anexo II (Cantábrico Occidental), apéndice 4.1",https://www.boe.es/buscar/act.php?id=BOE-A-2023-3511#a4-18
cantabrico-1205,ES018MSPFES086MAR000120,Río Aguanaz,0,,ordinary,0.3,0.3,0.3,0.3,0.2,0.2,0.13,0.13,0.13,0.13,0.2,0.2,2023-02-11,,"RD 35/2023, anexo II (Cantábrico Occidental), apéndice 4.1",https://www.boe.es/buscar/act.php?id=BOE-A-2023-3511#a4-18
cantabrico-1216,ES018MSPFES092MAR000230,Río Pas IV,0,,ordinary,3.77,3.77,3.77,3.77,2.65,2.65,1.78,1.78,1.78,1.78,2.65,2.65,2023-02-11,,"RD 35/2023, anexo II (Cantábrico Occidental), apéndice 4.1",https://www.boe.es/buscar/act.php?id=BOE-A-2023-3511#a4-18
cantabrico-1240,ES018MSPFES112MAR000380,Río Besaya III,0,,ordinary,4.47,4.47,4.47,4.47,3.24,3.24,2,2,2,2,3.24,3.24,2023-02-11,,"RD 35/2023, anexo II (Cantábrico Occidental), apéndice 4.1",https://www.boe.es/buscar/act.php?id=BOE-A-2023-3511#a4-18
cantabrico-1240,ES018MSPFES112MAR000380,Río Besaya III,0,,drought,2.25,2.25,2.25,2.25,1.63,1.63,1,1,1,1,1.63,1.63,2023-02-11,,"RD 35/2023, anexo II (Cantábrico Occidental), apéndice 4.1",https://www.boe.es/buscar/act.php?id=BOE-A-2023-3511#a4-18
cantabrico-1245,ES018MSPFES098MAR000291,Río Saja III,0,,ordinary,1.51,1.51,1.51,1.51,1.13,1.13,0.64,0.64,0.64,0.64,1.13,1.13,2023-02-11,,"RD 35/2023, anexo II (Cantábrico Occidental), apéndice 4.1",https://www.boe.es/buscar/act.php?id=BOE-A-2023-3511#a4-18
cantabrico-1268,ES018MSPFES132MAR000621,Río Deva III,0,,ordinary,3.17,3.17,3.17,3.17,2.51,2.51,1.57,1.57,1.57,1.57,2.51,2.51,2023-02-11,,"RD 35/2023, anexo II (Cantábrico Occidental), apéndice 4.1",https://www.boe.es/buscar/act.php?id=BOE-A-2023-3511#a4-18
cantabrico-1269,ES018MSPFES132MAR000620,Río Cares III- Deva IV,0,,ordinary,6.17,6.17,6.17,6.17,4.94,4.94,3.07,3.07,3.07,3.07,4.94,4.94,2023-02-11,,"RD 35/2023, anexo II (Cantábrico Occidental), apéndice 4.1",https://www.boe.es/buscar/act.php?id=BOE-A-2023-3511#a4-18
cantabrico-1274,ES018MSPFES131MAR000610,Río Cares II,0,,ordinary,1.44,1.44,1.44,1.44,1.25,1.25,0.74,0.74,0.74,0.74,1.25,1.25,2023-02-11,,"RD 35/2023, anexo II (Cantábrico Occidental), apéndice 4.1",https://www.boe.es/buscar/act.php?id=BOE-A-2023-3511#a4-18
cantabrico-1277,ES018MSPFES130MAR000600,Río Casaño,0,,ordinary,0.61,0.61,0.61,0.61,0.47,0.47,0.3,0.3,0.3,0.3,0.47,0.47,2023-02-11,,"RD 35/2023, anexo II (Cantábrico Occidental), apéndice 4.1",https://www.boe.es/buscar/act.php?id=BOE-A-2023-3511#a4-18
cantabrico-1292,ES018MSPFES144MAR000820,Río Sella III,0,,ordinary,7.17,7.17,7.17,7.17,5.17,5.17,3.14,3.14,3.14,3.14,5.17,5.17,2023-02-11,,"RD 35/2023, anexo II (Cantábrico Occidental), apéndice 4.1",https://www.boe.es/buscar/act.php?id=BOE-A-2023-3511#a4-18
cantabrico-1293,ES018MSPFES139MAR000710,Río Sella II,0,,ordinary,2.12,2.12,2.12,2.12,1.52,1.52,0.87,0.87,0.87,0.87,1.52,1.52,2023-02-11,,"RD 35/2023, anexo II (Cantábrico Occidental), apéndice 4.1",https://www.boe.es/buscar/act.php?id=BOE-A-2023-3511#a4-18
cantabrico-1294,ES018MSPFES142MAR000750,Río Güeña,0,,ordinary,0.97,0.97,0.97,0.97,0.73,0.73,0.46,0.46,0.46,0.46,0.73,0.73,2023-02-11,,"RD 35/2023, anexo II (Cantábrico Occidental), apéndice 4.1",https://www.boe.es/buscar/act.php?id=BOE-A-2023-3511#a4-18
cantabrico-1300,ES018MSPFES144MAR000820,Río Sella III,0,,ordinary,7.17,7.17,7.17,7.17,5.17,5.17,3.14,3.14,3.14,3.14,5.17,5.17,2023-02-11,,"RD 35/2023, anexo II (Cantábrico Occidental), apéndice 4.1",https://www.boe.es/buscar/act.php?id=BOE-A-2023-3511#a4-18
cantabrico-1301,ES018MSPFES144MAR000840,Río Piloña III,0,,ordinary,2.79,2.79,2.79,2.79,1.94,1.94,1.18,1.18,1.18,1.18,1.94,1.94,2023-02-11,,"RD 35/2023, anexo II (Cantábrico Occidental), apéndice 4.1",https://www.boe.es/buscar/act.php?id=BOE-A-2023-3511#a4-18
cantabrico-1302,ES018MSPFES144MAR000840,Río Piloña III,0,,ordinary,2.79,2.79,2.79,2.79,1.94,1.94,1.18,1.18,1.18,1.18,1.94,1.94,2023-02-11,,"RD 35/2023, anexo II (Cantábrico Occidental), apéndice 4.1",https://www.boe.es/buscar/act.php?id=BOE-A-2023-3511#a4-18
cantabrico-1304,ES018MSPFES145MAR000900,Río Raíces,0,,ordinary,0.13,0.13,0.13,0.13,0.09,0.09,0.05,0.05,0.05,0.05,0.09,0.09,2023-02-11,,"RD 35/2023, anexo II (Cantábrico Occidental), apéndice 4.1",https://www.boe.es/buscar/act.php?id=BOE-A-2023-3511#a4-18
cantabrico-1304,ES018MSPFES145MAR000900,Río Raíces,0,,drought,0.06,0.06,0.06,0.06,0.05,0.05,0.03,0.03,0.03,0.03,0.05,0.05,2023-02-11,,"RD 35/2023, anexo II (Cantábrico Occidental), apéndice 4.1",https://www.boe.es/buscar/act.php?id=BOE-A-2023-3511#a4-18
cantabrico-1305,ES018MSPFES145MAR000970,Arroyo de la Ría,0,,ordinary,0.43,0.43,0.43,0.43,0.27,0.27,0.17,0.17,0.17,0.17,0.27,0.27,2023-02-11,,"RD 35/2023, anexo II (Cantábrico Occidental), apéndice 4.1",https://www.boe.es/buscar/act.php?id=BOE-A-2023-3511#a4-18
cantabrico-1305,ES018MSPFES145MAR000970,Arroyo de la Ría,0,,drought,0.22,0.22,0.22,0.22,0.14,0.14,0.09,0.09,0.09,0.09,0.14,0.14,2023-02-11,,"RD 35/2023, anexo II (Cantábrico Occidental), apéndice 4.1",https://www.boe.es/buscar/act.php?id=BOE-A-2023-3511#a4-18
cantabrico-1306,ES018MSPFES145MAR000920,Río Piles I,0,,ordinary,0.23,0.23,0.23,0.23,0.16,0.16,0.1,0.1,0.1,0.1,0.16,0.16,2023-02-11,,"RD 35/2023, anexo II (Cantábrico Occidental), apéndice 4.1",https://www.boe.es/buscar/act.php?id=BOE-A-2023-3511#a4-18
cantabrico-1306,ES018MSPFES145MAR000920,Río Piles I,0,,drought,0.11,0.11,0.11,0.11,0.08,0.08,0.05,0.05,0.05,0.05,0.08,0.08,2023-02-11,,"RD 35/2023, anexo II (Cantábrico Occidental), apéndice 4.1",https://www.boe.es/buscar/act.php?id=BOE-A-2023-3511#a4-18
cantabrico-1348,ES018MSPFES193MAR001690,Río Nonaya,0,,ordinary,0.49,0.49,0.49,0.49,0.36,0.36,0.21,0.21,0.21,0.21,0.36,0.36,2023-02-11,,"RD 35/2023, anexo II (Cantábrico Occidental), apéndice 4.1",https://www.boe.es/buscar/act.php?id=BOE-A-2023-3511#a4-18
cantabrico-1348,ES018MSPFES193MAR001690,Río Nonaya,0,,drought,0.25,0.25,0.25,0.25,0.18,0.18,0.11,0.11,0.11,0.11,0.18,0.18,2023-02-11,,"RD 35/2023, anexo II (Cantábrico Occidental), apéndice 4.1",https://www.boe.es/buscar/act.php?id=BOE-A-2023-3511#a4-18
cantabrico-1358,ES018MSPFES193MAR001700,Río Somiedo y Pigüeña,0,,ordinary,1.78,1.78,1.78,1.78,1.35,1.35,0.73,0.73,0.73,0.73,1.35,1.35,2023-02-11,,"RD 35/2023, anexo II (Cantábrico Occidental), apéndice 4.1",https://www.boe.es/buscar/act.php?id=BOE-A-2023-3511#a4-18
cantabrico-1361,ES018MSPFES189MAR001640,Río Arganza II,0,,ordinary,1.39,1.39,1.39,1.39,0.99,0.99,0.61,0.61,0.61,0.61,0.99,0.99,2023-02-11,,"RD 35/2023, anexo II (Cantábrico Occidental), apéndice 4.1",https://www.boe.es/buscar/act.php?id=BOE-A-2023-3511#a4-18
cantabrico-1361,ES018MSPFES189MAR001640,Río Arganza II,0,,drought,0.7,0.7,0.7,0.7,0.5,0.5,0.31,0.31,0.31,0.31,0.5,0.5,2023-02-11,,"RD 35/2023, anexo II (Cantábrico Occidental), apéndice 4.1",https://www.boe.es/buscar/act.php?id=BOE-A-2023-3511#a4-18
cantabrico-1375,ES018MSPFES170MAR001320,Río Trubia III,0,,ordinary,2.15,2.15,2.15,2.15,1.66,1.66,0.91,0.91,0.91,0.91,1.66,1.66,2023-02-11,,"RD 35/2023, anexo II (Cantábrico Occidental), apéndice 4.1",https://www.boe.es/buscar/act.php?id=BOE-A-2023-3511#a4-18
cantabrico-1376,ES018MSPFES170MAR001320,Río Trubia III,0,,ordinary,2.15,2.15,2.15,2.15,1.66,1.66,0.91,0.91,0.91,0.91,1.66,1.66,2023-02-11,,"RD 35/2023, anexo II (Cantábrico Occidental), apéndice 4.1",https://www.boe.es/buscar/act.php?id=BOE-A-2023-3511#a4-18
cantabrico-1378,ES018MSPFES175MAR001450,Río Cubia II,0,,ordinary,0.94,0.94,0.94,0.94,0.7,0.7,0.38,0.38,0.38,0.38,0.7,0.7,2023-02-11,,"RD 35/2023, anexo II (Cantábrico Occidental), apéndice 4.1",https://www.boe.es/buscar/act.php?id=BOE-A-2023-3511#a4-18
cantabrico-1378,ES018MSPFES175MAR001450,Río Cubia II,0,,drought,0.47,0.47,0.47,0.47,0.35,0.35,0.19,0.19,0.19,0.19,0.35,0.35,2023-02-11,,"RD 35/2023, anexo II (Cantábrico Occidental), apéndice 4.1",https://www.boe.es/buscar/act.php?id=BOE-A-2023-3511#a4-18
cantabrico-1398,ES018MSPFES202MAR001800,Río Negro II,0,,ordinary,0.51,0.51,0.51,0.51,0.35,0.35,0.24,0.24,0.24,0.24,0.35,0.35,2023-02-11,,"RD 35/2023, anexo II (Cantábrico Occidental), apéndice 4.1",https://www.boe.es/buscar/act.php?id=BOE-A-2023-3511#a4-18
cantabrico-1405,ES018MSPFES234MAR002150,Río Navia V,0,,ordinary,14.42,14.42,14.42,14.42,9.89,9.89,6.28,6.28,6.28,6.28,9.89,9.89,2023-02-11,,"RD 35/2023, anexo II (Cantábrico Occidental), apéndice 4.1",https://www.boe.es/buscar/act.php?id=BOE-A-2023-3511#a4-18
cantabrico-1407,ES018MSPFES208MAR001902,Río Navia IV,0,,ordinary,4.6,4.6,4.6,4.6,3.13,3.13,1.86,1.86,1.86,1.86,3.13,3.13,2023-02-11,,"RD 35/2023, anexo II (Cantábrico Occidental), apéndice 4.1",https://www.boe.es/buscar/act.php?id=BOE-A-2023-3511#a4-18
