date,q_mean,readings,expected,source,fetched_at
2026-09-10,3.8840,288,288,saih-cantabrico,2026-10-10T17:33Z
2026-09-11,3.7804,288,288,saih-cantabrico,2026-10-10T17:33Z
2026-09-12,3.6161,288,288,saih-cantabrico,2026-10-10T17:33Z
2026-09-13,3.6147,288,288,saih-cantabrico,2026-10-10T17:33Z
2026-09-14,3.5900,288,288,saih-cantabrico,2026-10-10T17:33Z
2026-09-15,3.5426,288,288,saih-cantabrico,2026-10-10T17:33Z
2026-09-16,3.6671,288,288,saih-cantabrico,2026-10-10T17:33Z
2026-09-17,3.6394,288,288,saih-cantabrico,2026-10-10T17:33Z
2026-09-18,3.6578,288,288,saih-cantabrico,2026-10-10T17:33Z
2026-09-19,3.6015,288,288,saih-cantabrico,2026-10-10T17:33Z
2026-09-20,3.5525,288,288,saih-cantabrico,2026-10-10T17:33Z
2026-09-21,3.5716,288,288,saih-cantabrico,2026-10-10T17:33Z
2026-09-22,3.5693,288,288,saih-cantabrico,2026-10-10T17:33Z
2026-09-23,3.5208,288,288,saih-cantabrico,2026-10-10T17:33Z
2026-09-24,3.5417,288,288,saih-cantabrico,2026-10-10T17:33Z
2026-09-25,3.4512,288,288,saih-cantabrico,2026-10-10T17:33Z
2026-09-26,3.5022,288,288,saih-cantabrico,2026-10-10T17:33Z
2026-09-27,3.5010,288,288,saih-cantabrico,2026-10-10T17:33Z
2026-09-28,3.5256,288,288,saih-cantabrico,2026-10-10T17:33Z
2026-09-29,3.3740,288,288,saih-cantabrico,2026-10-10T17:33Z
2026-09-30,3.3728,288,288,saih-cantabrico,2026-10-10T17:33Z
2026-10-01,3.9546,288,288,saih-cantabrico,2026-10-10T17:33Z
2026-10-02,4.1498,288,288,saih-cantabrico,2026-10-10T17:33Z
2026-10-03,3.9534,288,288,saih-cantabrico,2026-10-10T17:33Z
2026-10-04,3.8882,288,288,saih-cantabrico,2026-10-10T17:33Z
2026-10-05,3.8388,288,288,saih-cantabrico,2026-10-10T17:33Z
2026-10-06,3.7564,288,288,saih-cantabrico,2026-10-10T17:33Z
2026-10-07,4.5831,288,288,saih-cantabrico,2026-10-10T17:33Z
2026-10-08,11.3237,288,288,saih-cantabrico,2026-10-10T17:33Z
2026-10-09,7.2172,288,288,saih-cantabrico,2026-10-10T17:33Z
