date,q_mean,readings,expected,source,fetched_at
2026-09-08,0.7133,144,144,sira-guadiana,2026-10-09T06:53Z
2026-09-09,0.6533,144,144,sira-guadiana,2026-10-09T06:53Z
2026-09-10,0.9133,144,144,sira-guadiana,2026-10-09T06:53Z
2026-09-11,1.2225,144,144,sira-guadiana,2026-10-09T06:53Z
2026-09-12,1.2501,144,144,sira-guadiana,2026-10-09T06:53Z
2026-09-13,0.8542,144,144,sira-guadiana,2026-10-09T06:53Z
2026-09-14,0.6103,144,144,sira-guadiana,2026-10-09T06:53Z
2026-09-15,0.5600,144,144,sira-guadiana,2026-10-09T06:53Z
2026-09-16,0.6307,144,144,sira-guadiana,2026-10-09T06:53Z
2026-09-17,0.8851,144,144,sira-guadiana,2026-10-09T06:53Z
2026-09-18,0.9649,144,144,sira-guadiana,2026-10-09T06:53Z
2026-09-19,0.7641,144,144,sira-guadiana,2026-10-09T06:53Z
2026-09-20,0.5663,144,144,sira-guadiana,2026-10-09T06:53Z
2026-09-21,0.5200,144,144,sira-guadiana,2026-10-09T06:53Z
2026-09-22,0.5200,144,144,sira-guadiana,2026-10-09T06:53Z
2026-09-23,0.5233,144,144,sira-guadiana,2026-10-09T06:53Z
2026-09-24,0.6211,144,144,sira-guadiana,2026-10-09T06:53Z
2026-09-25,0.7758,144,144,sira-guadiana,2026-10-09T06:53Z
2026-09-26,0.6704,144,144,sira-guadiana,2026-10-09T06:53Z
2026-09-27,0.5116,144,144,sira-guadiana,2026-10-09T06:53Z
2026-09-28,0.5183,144,144,sira-guadiana,2026-10-09T06:53Z
2026-09-29,0.6797,144,144,sira-guadiana,2026-10-09T06:53Z
2026-09-30,0.7648,144,144,sira-guadiana,2026-10-09T06:53Z
2026-10-01,0.8974,144,144,sira-guadiana,2026-10-09T06:53Z
2026-10-02,0.9631,144,144,sira-guadiana,2026-10-09T08:47Z
2026-10-03,0.6935,144,144,sira-guadiana,2026-10-10T13:39Z
2026-10-04,0.7784,144,144,sira-guadiana,2026-10-10T13:39Z
2026-10-05,0.9662,144,144,sira-guadiana,2026-10-10T13:39Z
2026-10-06,0.8931,144,144,sira-guadiana,2026-10-10T13:39Z
2026-10-07,0.6242,144,144,sira-guadiana,2026-10-10T13:39Z
2026-10-08,0.6021,144,144,sira-guadiana,2026-10-10T13:39Z
2026-10-09,0.5269,144,144,sira-guadiana,2026-10-10T13:39Z
